ID,Username,Email,Created At,Export Date
15,gdub_dg,weesegjw@gmail.com,2026-03-29 01:35:54.069671,2026-03-29T11:08:27.052358
14,alex,alex@ahoy.ooo,2026-03-19 21:39:47.887371,2026-03-29T11:08:27.052390
11,clairec,cecooper03@gmail.com,2026-03-02 02:52:36.465646,2026-03-29T11:08:27.052398
10,agonzalez729,alex@littlemarket.org,2026-02-04 12:23:05.930196,2026-03-29T11:08:27.052406
8,ahoymrag12126,alex@apeworx.io,2026-01-21 18:37:17.648405,2026-03-29T11:08:27.052414
5,elluuhnn,ellenedgemartin@gmail.com,2026-01-20 01:27:35.479084,2026-03-29T11:08:27.052421
4,mrgstem,agonzalez7@bridgeportedu.net,2026-01-19 12:43:22.819279,2026-03-29T11:08:27.052429
2,alex63,alex@cpcnewhaven.org,2026-01-16 21:33:58.419222,2026-03-29T11:08:27.052442
1,ahoy_mr_ag25,ahoy.mr.ag@gmail.com,2026-01-16 21:31:57.488942,2026-03-29T11:08:27.052508
